{
  "analytical_tw": 27.863137138648348,
  "tw_by_dt": {
    "0.1": 28.8,
    "0.25": 28.75,
    "0.5": 29.0,
    "1.0": 29.0
  },
  "residual_fba_gap": 0.9368628613516528,
  "fba_vs_pureexp_ratio": {
    "min": 1.0000000241091977,
    "max": 1.0500000000000012,
    "mean": 1.0496690561946795
  },
  "first_binding_reaction": "O2t",
  "first_binding_time": 0.0,
  "threshold_crossing_time": 28.75,
  "scenarios_at_29h": {
    "A": {
      "baseline_atp": 100.89230387215602,
      "atp_at_29h": 19.840754442343275,
      "normalized": 0.19665280384006448,
      "binding_top5": [
        [
          "PIt2mB_mitoMap",
          19.64888970677062,
          19.648889706770625
        ],
        [
          "CV_mitoMap",
          18.366046516224728,
          18.366046516224728
        ],
        [
          "CIII_mitoMap",
          7.774794286060567,
          7.77590022736728
        ]
      ]
    },
    "B": {
      "baseline_atp": 2.7508927983213702,
      "atp_at_29h": 0.5409707818533384,
      "normalized": 0.19665280384006442,
      "binding_top5": [
        [
          "PYK",
          0.3559415749505167,
          0.3559415749505167
        ],
        [
          "GAPD",
          0.35594157495051665,
          0.35594157495051665
        ],
        [
          "PGK",
          -0.35594157495051665,
          -0.35594157495051665
        ]
      ]
    },
    "C": {
      "baseline_atp": 1.3030153861582427,
      "atp_at_29h": 0.25647094509167817,
      "normalized": 0.1968287925193628,
      "binding_top5": [
        [
          "PYK",
          0.19861933187846506,
          0.19861933187846506
        ],
        [
          "GAPD",
          0.19861933187846503,
          0.19861933187846506
        ],
        [
          "PGK",
          -0.19861933187846503,
          -0.19861933187846503
        ]
      ]
    }
  }
}