{
  "run_date": "2026-04-22T22:26:22.623676",
  "fixes_applied": [
    "#4 GPR-aware decay (E-Flux)",
    "#5 signed baseline flux",
    "#2 dual objective (ATP + \u0394\u03a8m)"
  ],
  "uniform_halflife_h": 12.0,
  "threshold_fraction": 0.2,
  "transit_windows": {
    "atp": {
      "A": 29.0,
      "B": 29.0,
      "C": 29.0
    },
    "dpsi": {
      "A": 29.0,
      "B": 29.0,
      "C": 29.0
    }
  },
  "baselines": {
    "atp": {
      "A": 100.89230387215609,
      "B": 2.7508927983213707,
      "C": 1.3030153861582328
    },
    "dpsi": {
      "A": 88.68762741606218,
      "B": 2.2132683150183166,
      "C": 1.4178716283716277
    }
  }
}